<?xml version="1.0" encoding="UTF-8"?>
<!DOCTYPE mapper PUBLIC "-//mybatis.org//DTD Mapper 3.0//EN" "http://mybatis.org/dtd/mybatis-3-mapper.dtd">

<mapper namespace="io.renren.modules.generator.dao.ItemDao">

	<!-- 可根据自己的需求，是否要使用 -->
    <resultMap type="io.renren.modules.generator.entity.ItemEntity" id="itemMap">
        <result property="id" column="id"/>
        <result property="creatTime" column="creat_time"/>
        <result property="changeTime" column="change_time"/>
        <result property="status" column="status"/>
        <result property="name" column="name"/>
        <result property="brief" column="brief"/>
        <result property="describe" column="describe"/>
        <result property="pics" column="pics"/>
    </resultMap>


</mapper>